"Compound","Compound_ID","Formula","Description","Retention_time_min","mz","S01","S02","S03","S04","S05","S06","S07","S08","S09","S10","S11","S12","S13","S14","S15","S16","S17","S18","S19","S20","S21","S22","S23","S24","S25","S26","S27","S28","S29","S30"
"PosM2_0001","PosM2_CMP_016","C9H39N0O6","Synthetic feature 1",5.061,313.8818,4979459.6,4509853.9,6245529.2,4659032.6,5994761.3,4464289.9,3580712.8,4260808.7,0,3333161.3,4766419.8,5115369.1,6977831.6,0,5886065.3,0,19212207.2,0,15199762.5,0,24736900.4,11961314.5,17909856.6,15180817,0,25080081,21718899.6,13221429.2,0,17172695.3
"PosM2_0002","PosM2_CMP_009","C21H16N3O1","Synthetic feature 2",8.338,651.3785,38150.8,62692.5,35615.3,34554,52781.4,0,0,72622.1,0,53139.4,55373.6,61232.9,0,53098.9,49456.5,0,60106.6,0,0,0,53327.7,57108.3,33108,0,74107.4,0,0,68825.1,0,52145.8
"PosM2_0003","PosM2_CMP_003","C17H8N1O9","Synthetic feature 3",0.818,187.8342,339848.8,205522.3,164747.4,261779.9,208360.5,131814.8,177603.6,156966.9,207737.7,137076.2,204644.1,131295.8,137440.2,147239.9,142237.8,116418.2,134792.1,137953.9,121979.9,119926.6,176466.6,166059.4,98673.5,133923,185282.4,166047.9,80486.7,156375.5,125865.6,90066.4
"PosM2_0004","PosM2_CMP_031","C22H35N5O3","Synthetic feature 4",13.772,189.5911,7703318.2,6136076.9,7133338.4,10167942.6,6259360.2,0,4642223.5,0,7887534.8,0,6654365.4,5808825.4,9137361.3,6216846.7,11618103.9,0,4630819,4775695.2,0,0,4168769.7,5186565.1,3835846.2,4306649.5,5573662.4,4512588.9,3364462.9,0,0,0
"PosM2_0005","PosM2_CMP_042","C23H17N0O1","Synthetic feature 5",3.165,990.6985,1875232.1,4045763.4,3009623.9,0,2832915.9,1490655.8,1171628.4,2172508.1,1021719.3,1785181.9,2088878.9,3326556.5,2107803.3,1900467.7,2409022.5,2427030.4,1567718.2,1498309.1,1536180.2,1472991.1,1695077.6,2147084.4,2069199.6,2693514.3,4005225.6,1843452.5,1410654.2,1817662.8,1739445.9,1529644.5
"PosM2_0006","PosM2_CMP_018","C7H49N0O5","Synthetic feature 6",3.864,167.7174,226454.3,168194.9,298124.4,140473.6,238220.2,370963.8,227356.4,106802.1,137030.1,229285.5,185708.6,229988.1,200804.4,379115.4,143826.1,147051.6,206517.6,207116.9,120342.7,316772.9,328516.5,166421.8,153034.4,152853.3,154019.7,201357.7,158897.3,257855.8,173784,187047.6
"PosM2_0007","PosM2_CMP_069","C12H10N2O9","Synthetic feature 7",7.815,919.1673,289532.8,292554.5,278988,541134.2,320060.2,277598.1,277321,404775.1,177184.3,0,448406.5,318731.2,345015.4,277005.3,287048.5,143855.8,94443.6,197020.4,122849.7,105687.8,188652.1,159193.3,176557.5,135294.6,122140.3,178714.9,130859.1,124639.6,184331.3,131909.6
"PosM2_0008","PosM2_CMP_067","C25H11N4O8","Synthetic feature 8",15.621,453.5121,52063.9,72626,65131.6,85789.6,67331,64399.9,50830.5,36460.8,51540.6,54727.4,125167.2,66628.9,73895.7,88257.7,0,0,0,0,22863.2,27116.2,58129.4,0,43746,42916.4,36218.3,28327.1,0,27612.3,30403,36866.8
"PosM2_0009","PosM2_CMP_028","C9H18N1O4","Synthetic feature 9",16.696,347.8178,89178.8,169049.7,294049.7,190389.9,209035.6,170678.6,192630.2,208410.9,197217.9,283621.1,176210.3,223851.2,179833,315866.3,189116.7,342654.3,184355.6,231981.4,254673.8,110557.3,178860.5,281144.6,174432.3,263337.9,246578.9,178200.6,235768,204982.8,304565.7,225603.4
"PosM2_0010","PosM2_CMP_016","C22H47N3O2","Synthetic feature 10",8.268,445.7417,84643.7,50082.2,43820.2,64751.8,0,60234,0,0,40619.1,54194.4,62666.6,69892,78804.9,79085.3,56897.7,34785.2,45099.4,33097.4,32235.8,28905.8,35069.5,36309,49240,56338.1,40411.9,0,49316.1,48116.8,48219.2,0
"PosM2_0011","PosM2_CMP_066","C24H11N5O1","Synthetic feature 11",15.118,831.7455,673445.2,498474.2,601921.6,623894.8,481469.6,647462.7,501327.7,686245,955049.8,657593.4,602894.4,552302.1,801284.8,856235.6,425896.6,261107,355465.4,167022.5,184034.8,153134.9,129667,264381.3,194737.6,248154.1,158555.9,0,230676.1,225609,211793.8,195495.2
"PosM2_0012","PosM2_CMP_020","C17H41N3O4","Synthetic feature 12",16.679,447.3307,890464.8,772962.3,934500.4,965053.8,1169270.3,854356,0,0,1592431.9,731056.4,798904.6,0,1065188,705389.6,720230.9,1093991.2,0,0,0,1494944.4,1696196.8,1348866.7,0,2985179,2242190.1,1852956.4,2262910,2844532.8,1711276.3,2293234.4
"PosM2_0013","PosM2_CMP_021","C8H6N5O2","Synthetic feature 13",9.22,389.6983,280510.5,285360.5,203095,243666.8,184247.8,161416.7,168340.3,159179.1,215877.2,218864.6,200780.7,317442.2,370947.4,251914.1,187753.2,280097.4,224403.5,312120.1,431994.9,502369.4,322844.5,345563.4,294807.4,317535.6,288722.2,292794.8,421730.9,369738.1,339993.3,386480.5
"PosM2_0014","PosM2_CMP_029","C23H31N2O7","Synthetic feature 14",7.87,354.8656,164799.9,239793,340855.1,270048.7,241640,298525,328289.3,355665.2,456193.8,0,285568.9,321174.4,254167.4,321748,268137.9,349334.2,487505,390079,344816.3,528593.7,339555.6,573024.2,0,326599.5,440965.8,368330,391876.7,293150.2,565293.5,663386.5
"PosM2_0015","PosM2_CMP_080","C20H12N5O2","Synthetic feature 15",11.025,414.548,1319980.8,1433045.3,1312389.8,982125.6,0,874288.5,1607130.2,1317417.8,1840018.3,1420417.6,1584567.6,2606289,1707016.5,876609.5,1899949.4,1321160.5,0,1256819.9,1179384.9,1631448.1,1101741.1,1591777.8,908253.5,1020078.5,957266.1,1453764.3,1102228.7,918651.6,1085628.7,921905.9
"PosM2_0016","PosM2_CMP_039","C22H6N5O1","Synthetic feature 16",3.521,216.1307,8112040.7,0,6142315.1,6781176.2,11552637,0,6643050.8,6840919.2,6835693.5,7294845.7,8501787.5,8629030.1,5340288.5,7462408.2,8243282.4,8976721.4,13544883.9,18863779.2,9012982.5,10056559.1,15188081.6,11597083.2,14893936.6,10444163.7,0,16638852.7,12825287.8,0,15086820.5,8153272.6
"PosM2_0017","PosM2_CMP_065","C20H22N2O1","Synthetic feature 17",6.64,390.5914,2492668.4,2107182.9,0,0,3953432.6,2320349.7,3522278,3041722.3,2838695.6,0,0,2411882.3,3320073.3,0,0,0,2018690,0,1311107.3,2044442.6,2557189.3,2420793,1817650.5,2632193,0,2162883.7,1543181.6,1147373.9,0,1106610
"PosM2_0018","PosM2_CMP_030","C10H46N4O7","Synthetic feature 18",2.819,993.0048,1420929.6,1456883.5,1681400.9,1173684.9,1118959.6,1339116,2979570.8,2011088.5,2424932,1842936.6,1122261.7,1460507.9,983979.6,1781706.7,1171225.2,1319459.1,908803.9,1501046.4,1509727.1,2051801.4,751020.6,768653.9,1133407.9,700192.7,559351.5,1133580,1726779.3,1416342.2,1860466.4,1931376.5
"PosM2_0019","PosM2_CMP_055","C9H13N0O3","Synthetic feature 19",9.613,910.8476,20647994.8,23046883.1,21756612.6,14273096.7,16527355.1,14849864.5,0,0,0,27121052.6,26019081.3,29522578.6,19165572.8,0,22908497.7,0,6132830.9,0,0,0,5413963.2,7565292.5,4843563.6,6360456.5,5919811.7,0,0,0,0,0
"PosM2_0020","PosM2_CMP_035","C8H38N3O7","Synthetic feature 20",6.572,175.4884,3460082.7,2202669.2,2263770,2469358.2,2898251.5,2160476.9,2070605.2,3326995.1,1990438.9,2485326.2,1759011.9,2458995.7,2894029,3100400.8,2971461,5089116,3690822.4,3896282.5,0,6395199.2,3500132.3,4206026,5655693.5,3627972.5,4525912.1,5697143.6,3325066.9,3647928.4,3518739.5,0
"PosM2_0021","PosM2_CMP_008","C11H21N3O8","Synthetic feature 21",5.98,352.3349,9952744.8,0,0,0,11431483.9,0,0,5061503.3,0,3371433.5,11858234.5,0,0,15536047.9,0,0,1984983.4,1555965.3,2511143.7,3187238.5,0,7437246.9,8626465.8,7123313.2,5043989.7,1518879.8,1951413.1,0,2713811.2,0
"PosM2_0022","PosM2_CMP_053","C7H16N4O9","Synthetic feature 22",6.455,348.1945,724813.9,731908.6,942446.7,824697.2,1063300.3,0,0,0,0,0,847848.2,806712.7,1085502.4,855979.1,675295,455724.5,553799.6,509576.1,0,0,377647.8,0,0,353362.9,481669.1,437326.3,550640.8,629567.2,604891.7,0
"PosM2_0023","PosM2_CMP_041","C15H14N2O6","Synthetic feature 23",3.813,255.0731,1159544.1,883053.7,0,824847.3,1000828.7,902308.6,913069.5,1075519,862948,1104937.4,937037.1,1356080.9,693791.9,992073.2,1220661.9,435500.9,457339.1,374042.4,555119.8,651285.7,373849.8,478196.5,763889.2,750261,406752.1,438485.1,588437.3,450583.8,578323.4,0
"PosM2_0024","PosM2_CMP_007","C6H9N3O8","Synthetic feature 24",13.841,926.329,2302307.8,2272547.1,2177035.8,2123772.6,1262086.5,1732279.1,1904578.4,1552705.1,1494921.8,1683173.6,1985641.3,1321638.4,1931733.3,1852653.2,2271389.1,3470690.2,3612240.6,3461816.8,3066709.9,4117810.7,3221156.4,2653007,3033682.2,3411896.6,5704357.5,2759670.4,3788675.7,2954438.1,3087334.8,3828058.9
"PosM2_0025","PosM2_CMP_006","C12H22N5O1","Synthetic feature 25",3.577,964.9,554020.6,458852.5,364120.3,628503.6,569651.2,467338.4,528097.3,689600.5,630141,617390.1,603196.1,552435.4,900022.2,336717.3,267437.2,454679.5,760218.5,679630.1,630672.1,637772.6,988479.2,635490.5,786455.4,595805.2,701872.1,578617.7,0,1049940.3,688352.2,911905.8
"PosM2_0026","PosM2_CMP_042","C25H25N1O3","Synthetic feature 26",15.637,505.7892,133326.5,184110,183932,212166.1,163049.7,151979.7,149344.4,162757.7,137241.5,138700.4,199422.1,148397,133002.6,131395.8,184077.6,190451.1,124160.8,87412.5,111468.1,0,129066.6,113158.2,116729.8,63319.7,93053.3,175227.6,71657.5,123539.2,135804.4,131748.8
"PosM2_0027","PosM2_CMP_067","C11H7N3O4","Synthetic feature 27",9.552,862.9475,0,12615383.2,13464565.8,21762806.1,26800764.1,16983505.4,19484188,16511019.5,19391866.5,17265632.4,16794669.1,18218669.1,23087692.3,12403761.6,19755374,5336329.8,4532589.5,4368165.9,3688767.4,3205208.4,3885688.4,4443324.1,4967932.3,2889601.3,6974193.5,4302471.6,3742947.6,4687199.6,4344133.5,4333226.4
"PosM2_0028","PosM2_CMP_021","C18H36N5O8","Synthetic feature 28",9.895,191.9847,279758.3,450737.7,365320.6,335174.8,572914,742781.6,0,0,0,0,494918.4,408733.6,524895.5,383624.1,511246.3,118237.6,184983,0,177334.7,277563.4,289155.5,225998.1,335587.9,324386.9,201355.3,0,0,214141.3,0,257092.7
"PosM2_0029","PosM2_CMP_019","C21H30N0O5","Synthetic feature 29",10.364,120.7476,1525244.4,2146382.7,1401378.5,1913383.8,1511767.5,1027395.4,1350946.6,1360144.5,1880398.2,1560041.4,1621980.5,991492.6,2270778.8,1199250.9,2065751,1403339.5,898088,944887.5,1140575,1131608.1,1186055.2,1522312.3,1302634.9,1847428.1,1436049.1,1382943.8,1281496.7,1074388.8,832236.1,1623549.4
"PosM2_0030","PosM2_CMP_044","C6H24N3O3","Synthetic feature 30",3.157,999.4071,77556.1,60757.8,77186.3,92541.6,61377.5,82236.7,33821.6,89778.3,48082,75510.1,58017.9,65456.4,84445,74968.8,75427.8,70217.8,60269.9,73989.5,76147.2,48164.3,40151.5,72027.9,49601.7,44246.2,63272.2,45262.2,64678.2,63216,55612.4,69728.9
"PosM2_0031","PosM2_CMP_051","C27H17N4O6","Synthetic feature 31",5.491,310.1646,360088.6,515515.9,0,472345.7,744061.6,464446.8,537895.9,281594.4,510344.1,391829.1,314014.1,421233.6,353783.2,0,604723.8,240639.5,183571.4,168655.5,230165.2,270716,160768.4,266701.4,186920.8,247990.8,198508.3,246749.2,139839.8,252442.1,215891.7,171272.9
"PosM2_0032","PosM2_CMP_055","C22H44N1O8","Synthetic feature 32",11.28,579.5793,578687,490088.3,0,701449.9,590306.1,678426.2,884960.1,609873.9,567873.5,346271.2,750963,568036.7,658959.4,664229.3,602090.4,1296122,921182.3,0,1406171.5,1244699.8,1091106.6,2204659.8,911160.1,1661492.8,1305880.2,1036418.9,1309420.7,850228.4,2002517.7,875938.6
"PosM2_0033","PosM2_CMP_011","C20H44N3O2","Synthetic feature 33",13.591,223.3575,561342.3,809247.9,723607.6,757883.1,674987.3,0,0,0,296677.5,0,598728.7,701567.2,997601.5,1097645.3,877458.7,515060.2,0,0,0,0,1631644.4,2057223.6,1303061.4,2679540.7,2560219.3,0,0,0,880097.1,822025.8
"PosM2_0034","PosM2_CMP_060","C11H23N4O3","Synthetic feature 34",1.526,902.0532,4581820,4143054.9,3659279.3,5143825.2,8914511.9,199305.1,272718.5,281950.4,346990.5,253660.9,4283203.5,6407732.3,4138801.3,4303901.4,4731696.1,1333956.3,705494.5,553988.6,752594.7,605859.4,14941187.9,15212828.9,12239105.9,9392170.6,10735138.2,1443744.3,932665.9,726401.1,792328.8,750504.8
"PosM2_0035","PosM2_CMP_067","C29H21N0O5","Synthetic feature 35",12.195,368.0543,1150866.2,1228151.3,1108482.9,1294558.9,1865558.8,3191147.5,0,2550332.3,1605763.2,2777132.1,2038948.3,0,1357745.7,1449650.3,962095.9,2605175.9,4383023.7,2145102.3,3953494.7,3481933.1,1579037.6,1916175.6,1432654,1483780.5,2413393.6,2656389.2,2645673.6,2973520.2,2404699,2173795.7
"PosM2_0036","PosM2_CMP_060","C22H43N0O2","Synthetic feature 36",2.857,349.6457,1576795.9,1680522.9,1378632.2,1956201.1,1281329.7,2215527.9,1187598.7,1874285.1,1351450,1161486.5,0,1744244.3,2128054.3,2406247.8,2220896.3,0,850695.8,1382374.5,1735462.5,1417643.8,1297972.3,1840391.5,2159847.7,1223917.5,1572340.9,1362289,1246850.1,1681913.3,1037030.6,1545520.7
"PosM2_0037","PosM2_CMP_050","C27H18N4O2","Synthetic feature 37",17.919,787.8039,1351860.1,1669643.8,1653686.3,2043885.2,1691640.9,1878286,1383258.7,1273988,1190059.6,1180909.2,0,1919186.9,2424665.3,2139373,2158426.7,1961677.3,2730711.2,2731133.8,1804092.7,2723837.9,3347434,2847790.5,2809629.6,2205358.9,3947912.2,2105003.8,2507036.1,2106192.4,2198681.8,2792846.2
"PosM2_0038","PosM2_CMP_020","C25H10N3O3","Synthetic feature 38",12.439,803.4061,456012,533350.6,641366.8,437617.5,576531.3,471765,492643.1,318167.8,598005.7,273957.4,622582.9,615265.5,459566,371427.7,389058.6,795759.6,961462.5,634089.5,863138.6,0,483470.5,762917,954658.1,592980.1,433401.9,1062051,607962.5,580486.1,753466.9,710863.9
"PosM2_0039","PosM2_CMP_007","C11H7N2O4","Synthetic feature 39",3.157,341.541,594158.2,1187580.4,735690.9,904230.1,893557.5,1188946.1,0,1142855.1,1284812.6,856338.9,665416.6,626240.8,996113.9,836155.8,1373970.6,1306471.9,2152727.1,1733448.9,1111798,1569871.5,1708125.6,1266252.3,1250057.5,1687265.8,785948.9,1544775.1,1328151.6,0,1521479.4,1303050.2
"PosM2_0040","PosM2_CMP_031","C17H46N1O5","Synthetic feature 40",17.097,653.1684,0,948182.8,0,0,2004495.2,184637.2,170310.1,270599.4,174948.3,0,928617.8,919320.6,0,1928623.8,2239813.3,274983.1,330625.9,432217.8,653146.8,543636.9,0,1600699.1,2363448,0,1524030.9,339530.9,447932.7,0,304169.6,0
"PosM2_0041","PosM2_CMP_038","C19H40N2O7","Synthetic feature 41",5.428,892.1106,937191.7,940700.2,1010044.8,873327.7,1213895.5,966914.9,789019.4,555910.4,946903.3,572163.5,844973.2,1061737.3,1387388.8,700280.8,953310.9,661530.4,560214.1,676371.9,726659.6,560775.4,699705.6,427829.7,672747.9,441275.5,302246.6,453909.5,408059.7,585950.9,541220.9,638983.3
"PosM2_0042","PosM2_CMP_054","C10H36N1O7","Synthetic feature 42",1.333,878.9285,4657267.9,3986375.6,5745017.3,3820799.7,4148228.3,2472669.5,4355357.4,4955453.7,4103684.3,4328387.8,2630085,5158530.1,5849942.1,2639660.8,3584161.6,2107925.9,2288405.6,1253421.6,3961568.9,2217411.2,1937679.1,2446535.6,2673884.7,2759389.4,2881299,2144791.5,1582445.9,2510699.7,3506894.9,3225008.4
"PosM2_0043","PosM2_CMP_031","C22H24N5O9","Synthetic feature 43",14.834,817.1392,2403909.5,2034973.8,2296596.9,2614158.2,2155607.2,1460584.9,2707787.4,2102320.9,2946020.3,2553401.2,3272942.5,3433993.1,2169224.1,2380173.4,2350050.5,2199814.1,1525880.3,1313136.7,1573516.1,1979125.7,1863502.2,1822840.4,1248940,2534348,1431620.6,1835152.2,1210353.4,1301987.8,1167654,1535241.4
"PosM2_0044","PosM2_CMP_047","C30H6N0O2","Synthetic feature 44",14.906,269.7722,184061.3,81821.9,73619.1,72889.1,133736.9,704176.8,848442.6,902753.9,843363.4,857170.5,114864.7,125995.4,94371.7,115946.1,98867,1490177.2,1191478.7,990421,963670.8,1022667.1,225468.2,280503.3,192970.4,215000.6,248126,823402.3,1153451.8,1032510.2,1436330.4,1448935.1
"PosM2_0045","PosM2_CMP_001","C13H17N5O2","Synthetic feature 45",9.539,619.6077,0,691195,620991,483635,378805.5,359888.5,896333.4,476727.1,689714.6,830234.2,468797.2,329551.2,593511.4,457394.8,438092.4,509020,689167.1,0,1018600.8,1038417.4,669124.7,714575,651376.2,1194560.7,607991,782464.9,689785.9,684928.6,751791.8,724331.3
"PosM2_0046","PosM2_CMP_064","C8H16N2O7","Synthetic feature 46",17.793,750.159,12675351.6,17694151.4,11647216.1,11750947.7,15814908.8,15809522.9,23929837.8,0,14561422.5,8927541.6,16711813.9,20608525,17357016.4,13449240.9,18106118.1,15772591.6,12943405,13593302.6,8838161.7,13754446.1,10396199.3,14831755.6,13030385.2,11057734.7,9582424.2,11637822.2,14220030.3,12457353.1,13400898.8,8468165.3
"PosM2_0047","PosM2_CMP_064","C26H45N5O6","Synthetic feature 47",12.773,598.6331,6764513.6,3733077.9,4713687.9,4956373.2,7242146.9,6164746.7,3052885.4,5602161.3,3801630.9,4898259.5,4303694.8,8638341,6672894.9,5552677.2,5387914.8,4582574.1,4847316.5,4815615.5,5250934.9,2995672.4,7734223,4746262.1,5265197.2,5382391.4,6867709,3952677.5,5755399.4,4939659.7,4557408.7,4927202.6
"PosM2_0048","PosM2_CMP_034","C11H32N2O8","Synthetic feature 48",11.962,339.8261,1346716.8,2976588.9,914539.1,1102831.5,1725378.6,2160106.6,1621266.7,1696737.8,2059654.3,1813434.8,1857582.7,1905212.4,2156620.3,1344847,1217124.4,1661857.3,1788965.7,2740064.8,1782419.7,1782429.7,1672414.3,1541131.8,2319044.4,1332480.8,1952980.3,2207880.6,1496463.4,0,1899280.7,1293255
"PosM2_0049","PosM2_CMP_039","C20H14N4O1","Synthetic feature 49",17.352,326.0735,348992.7,690655.2,502018.2,668964.2,374239,310065.3,325513.9,410240.3,188835.1,404837.2,491240.1,340881.9,480189,469303.9,469661.4,811735.5,999101.6,763929.5,342308.7,531571.1,1353563.8,1444201.3,995778.6,1330224.9,0,0,663406.8,583049.9,1041934.3,1275785.5
"PosM2_0050","PosM2_CMP_051","C18H28N1O7","Synthetic feature 50",11.666,705.0239,2878479.9,2813322.5,2141094,1764446.3,0,2220861,2552244.3,0,0,2408110.7,2346517.7,2975134.8,2388063.3,2102573.4,1809966.1,0,548859.5,0,0,0,465623.2,1175432.1,1060234.9,897739.2,643660,0,0,694442.8,852716.4,0
"PosM2_0051","PosM2_CMP_039","C24H42N2O2","Synthetic feature 51",17.922,328.8595,10924451.4,16483537.9,10876389.5,14088578.8,12979616.9,7810607.9,5762587.6,6983385.7,6589950.5,5482764.7,11579444.8,10269631.6,13748022.4,11781948.4,10228729.4,7654929.6,5116023.6,6075088.1,5713193.3,6740969.2,9546799.3,8240372.7,10189412.9,9689496.4,13553547.6,7652902.8,5415806.5,6451006.9,5133376.6,3644470.1
"PosM2_0052","PosM2_CMP_049","C9H49N4O8","Synthetic feature 52",2.337,572.581,3990953.7,3887139.9,5051254.6,3413875.5,4544670.3,4224735.9,0,0,0,0,6481450.6,5719998.1,5213972.7,4754758.9,4372770.5,0,0,0,12487208.6,0,9111491.7,8178353.4,11453810.2,10763077.7,10878693.4,11296341.4,0,0,12773311.9,0
"PosM2_0053","PosM2_CMP_030","C7H16N2O8","Synthetic feature 53",17.347,559.974,1105657.5,1061280.8,0,0,916744.7,2202692.3,1100873.4,1951542.8,1961199.9,1783339.1,0,1306071.2,902046.3,1459082.6,0,598110.7,717217.7,647160,752107.7,0,721909.3,630518.2,888196.8,632145.2,704440.4,0,1173801.3,0,624114.8,846415.1
"PosM2_0054","PosM2_CMP_047","C29H32N1O9","Synthetic feature 54",1.661,646.4958,172829,206285,135207.9,262283.9,194670.4,200775.8,163003.3,153343.4,158092,132012.1,175515.6,132301.6,189453.1,200256.3,138480.9,127642.3,248756.1,162067.7,111693.7,405247.6,176403.2,204728.8,184582.1,166620.9,222259.3,0,194687.6,140526.3,170984.3,309455.1
"PosM2_0055","PosM2_CMP_002","C24H43N3O5","Synthetic feature 55",7.417,247.2705,7325895.6,8104573.5,6718689.5,4047368.2,8162409,4618657.7,8229999.7,4943419.3,9302025.2,7599140.8,6554102,7848585.6,6124046.1,5572294.6,5000516.7,5624347,7524630,10522800.5,5182548.7,6812533.4,6384584.8,8785438.6,8199816.7,7761514.9,5924018.2,0,5188974.1,7536156.5,8921836.1,8035410.5
"PosM2_0056","PosM2_CMP_060","C26H13N5O1","Synthetic feature 56",14.749,103.4599,788184.4,1042358.7,784596.9,809408.7,1052009.9,725786.8,897322.8,943722.7,1083480.3,1112757.5,971899.6,576909.8,708757.6,1308071.7,1430575.5,2027954.6,1617310.4,2085072.4,1397226.8,1678120.4,2532020.4,2351145.6,2896117.9,1983198.9,2165156.1,2850196.6,1538265.8,1336144.2,2132601.6,1744139.1
"PosM2_0057","PosM2_CMP_009","C26H32N5O6","Synthetic feature 57",8.997,398.9686,2330357.2,3816210.9,4565595.8,4073172.3,4751449.1,0,4064712.5,0,0,5323457.4,3313279.6,3157536.4,4867084,5569569.7,4389762.2,9450163.7,0,0,5955143,7704087.7,8692098.4,8740570.4,6358624.3,7492658.9,6225489.4,8383670.5,0,9085172.9,0,0
"PosM2_0058","PosM2_CMP_070","C11H50N0O3","Synthetic feature 58",6.57,790.2704,9627146.7,14181158,14258462.5,12000408.3,11276062.4,11254230.4,15764861.4,23690293.6,18771449.7,12835938.7,15280255.7,14954563.9,20700877.3,14260893.9,14026349.6,13090192.7,15122959.7,14975629.8,9575520,17636500.8,13486913.7,8628299.6,12148228.6,18400453.5,13531803,20585795.9,10092331.8,15081769.7,16212438.1,16821561.2
"PosM2_0059","PosM2_CMP_059","C17H39N1O4","Synthetic feature 59",15.21,585.122,1034944.3,1092712.1,1141103.6,782349,796937.4,1103932.5,911287.8,1334426.6,559965.7,995597.7,1092987.8,957185.3,885341,1146441.5,1345893.3,604519.9,578915.3,726388.5,458451.8,588094,830649.7,649052.8,671955.9,378104.2,375207.6,654018,619055.4,325772.7,550158,415506.7
"PosM2_0060","PosM2_CMP_038","C21H50N0O3","Synthetic feature 60",14.293,813.9722,4233892.9,3617494.9,3416859,3324129.1,3660609.6,3533354.1,4924906.1,3998073.3,4391753.5,3812473.1,2850949.8,4658752.5,2389567.7,2351399.7,4040615.4,6566971.6,4389101,4714184.1,6433678.8,3059266,0,4706236.2,4020865.5,6389898.2,4282365,5996017.3,5690652.5,5074136.1,5437104.3,6200774.6
"PosM2_0061","PosM2_CMP_036","C22H41N5O3","Synthetic feature 61",6.151,654.3544,6694735.8,13343441.2,9136415.8,6812761.4,11341067.6,8787414.2,7851170.8,16067587,10801444.2,12738352.8,13314754.7,18726802.6,20583839.2,10322475.2,11617150.4,8409628.3,11679273.2,0,11418352.2,14020050.6,13719331.3,9610037.5,12490623.5,13316989.6,9480992.4,7109598,13696581.3,13559745,8950593.6,15149335.6
"PosM2_0062","PosM2_CMP_066","C28H18N0O3","Synthetic feature 62",4.548,457.6204,204396.2,204566.3,103744.3,0,0,402515.3,240530.7,462791,323568.4,286449.8,125989.2,163258.5,130461,151663.1,165869.4,242258.3,338551.1,300079.8,424065.9,259079.2,0,106373.2,70277.9,83043,94865.4,427918,0,398991.5,188154.3,492335.2
"PosM2_0063","PosM2_CMP_075","C27H38N0O4","Synthetic feature 63",11.922,432.7215,0,1659321.2,2156311.3,1681448.1,2263683.2,0,1849490.9,2078196.9,0,0,1722505,1941808.8,1566234.3,2008496.6,1199333.2,0,0,0,0,555819.2,279523,446688.8,448454.2,857362.7,487527.2,0,0,724534.7,0,0
"PosM2_0064","PosM2_CMP_038","C26H21N2O4","Synthetic feature 64",15.82,936.3994,8574364.2,6013257.8,7190593.1,12735226.4,7590479.3,7188401.7,5602813.7,7077606,6194190.6,7983703,10101802.1,8638277.8,5760087.2,5930439.6,6318139.6,8060753.9,6385360.4,3284827.3,4732532.5,4131779.7,5767753.6,6597945.3,5084139.9,6545920.7,7772046.2,5048650.7,6387575,5652683.6,8990217.8,9514088.9
"PosM2_0065","PosM2_CMP_073","C20H7N0O1","Synthetic feature 65",16.714,544.2743,4309656.5,3134003.2,3363340.1,3015308.2,2375993.2,3662124.9,5469969.1,3587555.3,3455931.7,3165600.1,4499251.3,4463134.7,3126176.6,0,4066401.3,5523203.6,4987077.7,4371749.8,0,3462370.6,6134553.8,4655790.9,4988706,6087781.2,7551299.3,5462079.6,4159218,7788163.4,10094727.1,3321753.4
"PosM2_0066","PosM2_CMP_058","C27H37N4O9","Synthetic feature 66",8.877,767.1758,3092490.2,3392830.2,2027187.4,0,0,0,3338296.2,0,2267219.6,2824120.5,3109150.8,3122940.6,4277201.7,2116918.5,0,0,2646302.3,4706696.1,0,3113788.6,3833497.9,3017665.9,0,4484748,5588510.1,4987806.7,3490257.1,4140547.6,4648912.6,3502406.3
"PosM2_0067","PosM2_CMP_058","C20H20N3O8","Synthetic feature 67",2.272,923.4464,1376223.9,683471.1,637182.6,825910.3,888668.1,873242.4,988251.1,811790.8,629326.1,817671.4,1173465.3,1533689.3,1026794.3,762081.8,861931.2,896300.4,1325055.9,1245056.2,1349126.4,1102677.2,1118577.2,1219638.9,598136,1246622.1,950177,1511387.8,1431716.8,1561160.8,1056803.6,1223528.6
"PosM2_0068","PosM2_CMP_045","C30H37N1O1","Synthetic feature 68",13.34,784.7839,0,32653.9,41728.7,0,30864.4,22440.4,37401.3,37290.1,40622,31847.2,53103,33714.2,0,23463.2,28687,9790.3,8492.3,10673,12538.4,13519.8,8271.5,13482.8,13623.2,10653.7,15622.9,15186.5,12305.7,12899.9,13248.2,11874.5
"PosM2_0069","PosM2_CMP_071","C24H33N2O4","Synthetic feature 69",15.082,313.8188,496097.6,721566.3,1178647,900759.5,665343,616165.6,1115443.6,829019.6,709408.7,0,1010730.2,645600.3,859371.6,749902.7,1000872.5,754659.3,449181.9,903346.3,691355.9,601614.7,714374.7,505377,638907.1,0,713095.8,594530.1,716590.9,572833.3,650093.5,671404.2
"PosM2_0070","PosM2_CMP_009","C7H19N4O7","Synthetic feature 70",11.853,570.9725,6863251.1,0,4073192.7,3560624.5,5484652.8,0,7214907.4,0,0,8369094.7,3937295.7,3772474.4,8107423.7,5390513.4,6553532.4,10952133.2,0,0,0,0,7149097.1,7307017,5925440.4,13641810.2,12221207.2,0,0,10600122.1,0,0
"PosM2_0071","PosM2_CMP_036","C22H44N4O2","Synthetic feature 71",11.428,497.2378,1752258.1,1907445.2,2069046,1286274.3,2348969.7,0,0,0,0,1393044.7,2208848.2,2238005.3,1222364.3,2159701.1,2348397.9,0,3144105.5,3496692.2,0,3438106.5,1730582.4,2516660.2,3708438.4,3123125,5136460.9,0,0,2244357.7,2817172.3,0
"PosM2_0072","PosM2_CMP_021","C30H21N5O1","Synthetic feature 72",14.474,365.7866,443867.5,431460.1,538199.5,488803.6,539040.2,208664.7,216104.6,169601.6,323872.2,188596.1,714461.9,464581.9,452149.4,493234,513906.5,533858.5,506079.9,432285.2,327402.3,591702.7,635800.1,1472327.6,957794.1,913320.6,1002028.3,343675.4,284009.5,389602.1,430824.3,425503.9
"PosM2_0073","PosM2_CMP_009","C18H44N1O2","Synthetic feature 73",15.884,735.5552,5442095.3,10170224.9,10388934.7,8106205.1,3541012.8,0,7219904,0,0,0,7134972.1,5832776.2,5999091.9,7298172.4,3598765.7,0,0,0,0,0,16790614.4,8176357.4,14020781.1,8944643,13384665.1,13595382.6,10802149.6,0,14185036.1,7060974.1
"PosM2_0074","PosM2_CMP_027","C11H42N0O6","Synthetic feature 74",12.918,477.4031,521948.9,786459.1,575303.8,634336.6,826531.2,886534.3,637303,0,729248.3,484067.3,841914.3,1128949.4,1095520.3,977309.1,957367,281606.1,229856.7,0,415505.4,356517.7,399435.7,269066.5,317553.5,271026.6,288023.8,378609.1,459906,314779.1,613284.7,340668.4
"PosM2_0075","PosM2_CMP_012","C24H30N5O1","Synthetic feature 75",6.046,458.9455,13993814.5,8730476.8,13713515.2,15844000.2,12657807.2,0,0,0,0,69940684.1,13720445.3,17097279.9,9966772.4,9863165.3,12565186.5,149569415.1,100917087.2,98157172.4,0,0,24271678.9,26256691.9,32217572.7,33584220.3,19200926.6,165576505.8,143682895.9,97133262.2,0,162316560.5
"PosM2_0076","PosM2_CMP_067","C29H14N0O6","Synthetic feature 76",15.259,731.3581,26636,39485.6,28454.5,23652.1,24485.7,25131.2,26048.7,29959,23563.4,41238.4,41119.8,33793.1,31454.7,37847.5,47912.9,29966.8,33518,40793.6,25759.6,24316.3,23768.5,22691.9,35196.1,25682.9,27290.5,45512,31098.6,23562.1,34883,18342.8
"PosM2_0077","PosM2_CMP_006","C12H42N5O8","Synthetic feature 77",15,264.6238,409307.8,623708,661265.5,562061.8,452071.4,474067.1,729377.4,704847.4,409639.2,580056.8,442245,623259.7,697466.5,653001.3,935876.5,1015885.5,937891.4,1090047.8,1032634.5,1378337.3,1350371.1,1283206.7,1306528.4,1152915.9,1446357.8,949676.5,1685343.7,1117833.6,1865579.7,1194962.3
"PosM2_0078","PosM2_CMP_013","C24H24N4O7","Synthetic feature 78",4.889,689.3798,3473665,2604045.1,1987566.4,2122664.5,2412471.4,2921197.4,2151452.4,0,0,0,3002633.1,3462701.1,2440589.8,2965958.3,2351267.4,0,0,0,1120440.1,842376.3,798032.2,918002.6,1161146,1228925.5,1378756,1186533.7,0,0,0,0
"PosM2_0079","PosM2_CMP_034","C12H32N4O6","Synthetic feature 79",12.246,939.9334,0,2748748.6,3083521.2,0,3685219.9,4997080.8,5493121.5,6187406.2,3665820.8,5848441.7,2952379.1,1642911,2244446.3,0,1985071.1,2298712.1,0,3982392.5,3793189.6,3544450.5,0,1174233.9,0,1353776.4,0,0,4956020.9,3188086.6,2023609,2645030.3
"PosM2_0080","PosM2_CMP_022","C19H44N5O8","Synthetic feature 80",10.99,478.9386,764021.2,357423.7,404480,407803.1,623921.9,480914.3,0,684858.1,384048.1,455453.6,538485.3,439253.2,0,751469.6,634528.3,408058.5,365861.9,268272.8,237880.2,430313.7,416400.4,408682.7,349608.1,0,474596.1,252423.9,275004.5,272970.8,313418.2,283110.9
"PosM2_0081","PosM2_CMP_050","C7H16N1O3","Synthetic feature 81",9.708,96.0242,88394.9,76931.3,77619.3,98436.8,86340.4,72945.3,107506.8,104691.8,0,72606.1,65834.1,91009.2,75697.9,93593.8,100685.5,0,0,0,36544.3,0,37929,45014.1,40608.5,68848.1,46900.4,0,60174.4,56130.1,36294.9,41468.8
"PosM2_0082","PosM2_CMP_034","C23H21N5O8","Synthetic feature 82",6.513,719.2615,2719652.5,3363840.6,3859224.4,2945935.3,5098705.2,16609351.9,24681242.8,0,10191433.1,0,3584505.7,3841981.2,2710647.8,3372003,2824929.6,0,0,6255229.7,9078917.9,9479190.7,1665963.4,1484515.5,1350928,0,2131879.1,0,0,12460167.1,9690870.3,0
"PosM2_0083","PosM2_CMP_042","C10H36N4O3","Synthetic feature 83",15.658,472.8219,194958.3,0,287303.5,355944.8,312422.6,373370.9,0,238620.8,192184.6,219740.6,230134.2,215665.9,301828.4,315231.5,353722.3,713895.4,616950.6,756687,675390.6,1364418.4,1057298.9,827052.8,676179.2,516502.3,892524.1,1041391.4,0,886982.8,1044986.2,1113802.1
"PosM2_0084","PosM2_CMP_066","C28H38N3O2","Synthetic feature 84",13.21,881.5272,0,181816.4,247869.6,233648.6,284698.8,224051.3,348455.2,203148.9,276674.6,454513,152391,157059,218304.1,259351.1,280897.5,253497.8,309643.2,209895.4,196807.5,232372.8,121699.6,215083.3,158959.4,240297.7,176098.3,223148.4,152782.5,145728.2,201722.4,183843.3
"PosM2_0085","PosM2_CMP_079","C26H45N1O7","Synthetic feature 85",8.573,475.3235,297205.9,131025,161872.5,164904.6,0,369491.8,549644.6,385328.8,606577.9,377209.2,242271,110002.6,169627.7,266500.1,144740.5,549561,643973.1,473404.5,383609.6,431364.9,132262.4,142786.1,157661.1,163023.5,194577.7,540746.9,572879.6,765899.1,488156.3,435110.7
"PosM2_0086","PosM2_CMP_039","C11H20N1O4","Synthetic feature 86",13.723,391.2214,287865.9,368347.3,251402.5,216313.8,448474.7,348720.7,351829,312556.6,320733.1,223587.1,235811.6,194345.6,321505.3,272622.3,207418.4,254264.9,429298.7,239610.6,499702,248914.2,287903.1,389341.2,214009.1,240546.7,320588.6,182603.9,254685,307416.8,210123.7,341198.7
"PosM2_0087","PosM2_CMP_047","C10H16N1O5","Synthetic feature 87",1.302,851.1925,167156.3,183561.6,256250.4,249933.5,127832.8,0,0,0,0,0,139907.9,218675,155249.5,175250.4,247485.6,155870.6,0,0,0,0,309350.1,178640.3,225561.8,155113.1,171200.1,0,138598.9,140826.8,0,117027.2
"PosM2_0088","PosM2_CMP_010","C25H6N0O1","Synthetic feature 88",0.824,870.3096,0,562520.7,587437.1,359514.1,691309.9,0,1030338,566169.5,711131.3,1410390.4,1356391.7,779751.1,847295.7,1062874.7,0,1140970.6,1055837.7,1254234.1,796304.8,0,0,1359825.4,970303.3,1617946.4,0,0,1469906.9,0,0,729576
"PosM2_0089","PosM2_CMP_013","C15H24N2O1","Synthetic feature 89",8.6,229.4377,3261623.6,2180323.3,1853831.7,2495413.3,0,0,1621813.5,0,0,0,1884576.9,2759630.7,0,1799628.8,2200029.2,637917.6,884100.1,1010908.3,528633.4,672400.4,700824.9,808582.8,623358.2,601107.2,0,624725,592415.1,636472,613655.6,469089
"PosM2_0090","PosM2_CMP_060","C29H29N2O3","Synthetic feature 90",3.806,631.8563,1276003.9,878103.1,1093252.7,1195958.5,926708.6,997064,777022.7,814679.4,891704.3,885371.6,1263396.9,1432400.4,890425.6,1354461.7,582174,1773807.6,1453764.7,2216649.1,1571596,1648335.1,1474745.1,1574736.8,1781442.2,2792883.4,2001774.8,1563633.8,1858455.9,2611493.3,2076856.2,1464355.4
"PosM2_0091","PosM2_CMP_042","C20H41N5O2","Synthetic feature 91",9.073,555.5588,307157.2,294943.2,541530.2,0,329256,328028.1,376303.3,461117.2,343482.7,303930.3,252953,392318.7,391500.7,402634.9,457851.7,394423.7,435539.7,256522.3,253470.7,249909.2,285614.9,363959.9,255430.9,163751.5,232340.5,311167.1,380162.6,166371.7,179468.9,191720.7
"PosM2_0092","PosM2_CMP_047","C8H15N0O8","Synthetic feature 92",5.181,215.5066,1518349.4,1905489,2971517.3,2237191.1,0,4028561.6,3469706.7,2046303.9,3407760.2,4225559.9,1873507.6,2538752.7,2836870.1,2219258.1,3130039.2,3731516.1,2141757.4,2548952,2351743.6,2328462.5,0,2119130.6,4484999.9,3021889.9,3972152.1,4202531.8,4508340.7,3949002.6,2157783.1,3942810.3
"PosM2_0093","PosM2_CMP_076","C18H41N0O8","Synthetic feature 93",15.513,270.8802,8649135.8,5719169.3,8947898.7,9552503.8,10875287.6,0,0,9209285.6,0,0,5850070.4,9658590.7,8231284.6,0,6910157.1,0,12698880.1,0,0,16790582.2,16165316.7,0,10806770.2,16530345.3,16885924.9,0,0,0,0,0
"PosM2_0094","PosM2_CMP_026","C16H48N1O7","Synthetic feature 94",14.006,962.1498,1892108.4,2658392.9,2546264.7,2349682.1,2524556.8,2216663,2390596.8,2128136.5,2452863.2,2518028.3,1377677.9,2584610.9,3429910.2,2586946.7,1774838.8,1542220.6,1391760.8,2098981.3,1402610.7,1572261.3,1746271.6,1331205.4,1192273.7,2357915.2,1494878.8,1124404.3,1747908.5,1624751.1,1342015.2,1932861.5
"PosM2_0095","PosM2_CMP_062","C19H39N1O4","Synthetic feature 95",2.106,659.4002,3163942.8,2531926.4,3017257.8,2687709.9,3809344.1,0,0,0,0,1634991.5,4750484.9,3096625.4,3390253.2,3068278.5,3015590.8,0,1657709.2,0,2682882.1,0,2718506.7,2669324.8,2786518,3364994.9,3704471.2,1265512.8,0,0,1633281.2,0
"PosM2_0096","PosM2_CMP_002","C27H38N3O7","Synthetic feature 96",8.134,567.0378,1394866.7,1079576.8,1204799.8,928110.1,1778865.9,0,963287.6,1517491.7,1351269.5,1542853.6,1346059.3,875137.2,702675,1248269.4,1372513,621867.4,531489.5,661296.6,541554.9,724472.1,627841.6,626524.9,455365.1,777319.7,430878.1,953221.2,675487.5,598736.2,847275.3,402027.3
"PosM2_0097","PosM2_CMP_063","C14H43N2O5","Synthetic feature 97",0.595,536.8295,950928.7,1116835.7,715776,626605.1,1146456.1,907748.2,792558.9,855415.5,652646.1,1332060.2,1132175.9,822224.4,1109341.1,1039000,557851.7,801953.4,846936.1,0,743747.8,923561.1,519672.6,0,999133.1,1023863.9,0,720631.7,743281.5,733099.8,1067533.9,906688.8
"PosM2_0098","PosM2_CMP_011","C30H35N5O3","Synthetic feature 98",16.018,716.3052,6664712.7,7790500.1,0,6176579.3,6657541.1,6668174.3,4206350.8,0,7443461,5561503.7,6196913.6,5408510.5,6931988.3,6666525,4649595.2,0,0,0,0,5409725.6,5545614.3,8360974.8,6134911.6,7609736,4585805,0,0,0,0,0
"PosM2_0099","PosM2_CMP_056","C10H45N2O5","Synthetic feature 99",14.351,945.5273,0,795964.7,1172415.7,990493.2,894130.7,680048.1,824583.1,402495.5,691606.5,519724.6,921692.1,755028.7,577198.1,745582.1,838380.5,0,245827.9,0,177634.5,0,211929.8,193318.4,272695.7,207294.4,240712.2,0,0,504752.3,0,0
"PosM2_0100","PosM2_CMP_007","C30H29N2O1","Synthetic feature 100",4.674,512.6,270997.8,271065.4,195872.8,351974.7,257329.4,261513.7,347837.1,493436.8,191306.5,218927.8,254624.7,155906.4,166722.7,275729.7,267456.6,292200.3,390426.2,489856.9,592524.5,264382.7,348887.2,479418.9,505178.9,281057,236318.6,359469.5,318939.6,447825.4,384168.5,455412.6
"PosM2_0101","PosM2_CMP_044","C18H9N2O8","Synthetic feature 101",16.103,728.1365,120297969.1,92803633.6,97694680.3,156417586.1,78828616.2,279433986.5,145966427.3,129191667.1,0,273245461.1,127246700.8,142996082.1,98513805.5,89599830,96928917.9,941438927.2,957244981.1,548901968.7,998635264.7,691765572.4,268884467.8,460927956.8,346520428.2,299893554.9,406826421.7,666292889.4,388486792.4,617906204.2,795149009.4,906915438.2
"PosM2_0102","PosM2_CMP_023","C9H17N1O8","Synthetic feature 102",5.345,723.0831,4160757.1,3852232.3,8208083.4,0,0,1842609.8,3219856.1,2698593.8,3445533.9,3209617.9,1884408.6,2596081.8,2843516.1,3859653.5,2958358,6826807.9,0,0,3182764,3545676.9,0,3767500.3,2113393.4,2633041.4,2590089.6,2565231.1,3483963.8,2763605.1,3269415.3,3468043.3
"PosM2_0103","PosM2_CMP_028","C25H28N2O7","Synthetic feature 103",6.477,107.9635,348869.3,388880.4,476268.3,372413.2,484743.9,369190.6,295757.1,310925.2,0,435316,292933.4,350301,363985.4,375642.7,494331.5,589126.6,727865.6,1087818.6,720837.8,911455.6,429866.3,641394.1,607635,528194.3,0,773339.8,0,664828.2,491806.2,1075754.1
"PosM2_0104","PosM2_CMP_050","C27H42N5O8","Synthetic feature 104",3.739,101.6792,818780.5,970922.7,1125613.2,777087.1,1822694.1,0,2200817.2,0,0,3644284.3,850100.8,838648.9,1103181.4,1020923.8,1005080.8,960040.3,851842.4,1174666,0,0,391311.4,486103.5,384365.2,324710,483184.3,0,1701777.4,0,2224762.1,1140933.5
"PosM2_0105","PosM2_CMP_029","C14H11N3O5","Synthetic feature 105",5.779,775.2864,139594.1,162115.1,176508.1,120792.8,139627.8,196815,119070.2,210956.3,122355.1,133693.8,0,188853.5,146025.8,156936.6,165371.8,184575.7,165925.3,170082.7,142758.9,212620.6,135768.9,176599.2,188712.7,152698.7,86984,127475.5,125740.8,133030.4,106176.6,143625
"PosM2_0106","PosM2_CMP_048","C22H22N2O8","Synthetic feature 106",8.747,913.8193,4895405.3,4603661.1,4728626.5,3752306.1,4497118.7,0,0,0,4590607.4,0,5748396.2,3467770.3,3363715.6,6148690.5,4052542.2,4241544,0,0,3441728.7,0,3189599.4,3767306.3,3631144.2,3126245.6,3374283.3,0,0,3142845.9,3538893.2,0
"PosM2_0107","PosM2_CMP_003","C19H31N4O5","Synthetic feature 107",2.515,619.3972,14467243.8,20314533,0,18832214.5,13588988.3,14458193.1,17680716.4,16723418.4,16428010.6,15133734.9,20014511.2,13828698.5,13323031.7,22133233.9,20096766.6,13081865.7,20049275.7,10359850.2,13557315.9,12970214.9,11849651.8,11599543,10918126.4,12060209.4,17083153.9,13362243.5,16270681.8,16726587,10823313.8,13166182.2
"PosM2_0108","PosM2_CMP_047","C24H24N0O1","Synthetic feature 108",14.573,724.6214,1064972.2,792853.5,1739816,1669777.3,994969.7,1068940.3,1316402.8,1096451.7,1342043.2,876491.1,1479227.2,747946.2,703500.8,864942.6,1223712.5,1531399.8,2707248.9,0,2471792.3,1559877.6,2012172.5,966077.6,1283554.8,1338280.3,2897407,1758540.8,1673076.2,2486033.9,1432916.3,1550964.5
"PosM2_0109","PosM2_CMP_003","C22H46N1O9","Synthetic feature 109",5.297,890.9324,1627305,1526068.8,1563281.7,1582822.4,919055.1,0,0,0,733803.4,0,1036494.7,849610.5,0,0,1476058.3,3621394.1,2026708.1,3771514.4,0,2573154.6,1768156.9,0,2678012.5,0,2025221,2542883.6,2265922.8,2283682,0,2612237.3
"PosM2_0110","PosM2_CMP_051","C14H20N2O4","Synthetic feature 110",6.39,123.8352,3476369.4,3796300,4376005,3999139,0,4935891.8,5162371.2,0,3243665.2,0,3525037.9,3970360.4,4148259.4,4778720.7,5636579,1757853.8,0,1880626.8,2335322.4,1672158.2,2720602.6,2310266,1995864.7,3744000.9,2153724.8,0,2377612.5,0,0,0
"PosM2_0111","PosM2_CMP_075","C28H46N0O1","Synthetic feature 111",6.854,675.0503,323274.6,294885,559839.3,390753.8,510660.1,329766.6,552662.4,453633.9,483206.9,367879.7,406435.3,495945.5,591025.6,0,390127,207621.3,195714,72303.1,144403.6,148032.6,110619.4,124456.5,146729,184959.1,156025.3,168683.8,167189.8,140371.3,158526.4,205699.6
"PosM2_0112","PosM2_CMP_005","C13H41N1O4","Synthetic feature 112",3.101,873.8416,3590876.7,4854223.9,4065448.3,3428663.7,4419677.1,6563419,5573452.8,4002812.8,7443507.6,6262668.9,4118972,4735573.5,3464830.8,2873951,4116132.7,2717562.6,2103075.9,4279562.3,3327896.5,2705008.3,2872537.5,2939133.5,1650844.8,3546517.2,2207660,2438369.4,2819840.4,3081681.4,3441196.1,2651664.5
"PosM2_0113","PosM2_CMP_054","C26H22N5O3","Synthetic feature 113",13.912,279.5117,405214.8,519077.7,237451.5,508812.5,410972.2,384580.3,474882.2,337150.7,289246.3,471913.6,224566.9,401696.4,428019.3,350468.8,422267.4,203323.7,191947.4,110672.8,98278.1,111777.6,193185.6,178392.5,229523.2,162568.7,209718.7,121204.2,158983.1,139808.1,109747.9,170045.2
"PosM2_0114","PosM2_CMP_054","C6H10N0O9","Synthetic feature 114",14.736,306.1904,291761.1,0,197807.7,0,0,235908.4,169361.2,197247.5,250848.3,248745.1,0,320612.5,341348,215647.7,354625.4,412434.8,0,600174,337498.4,332318.6,506918.7,0,307401.4,540737.8,290460.7,0,422621.3,518300.7,580125.7,0
"PosM2_0115","PosM2_CMP_061","C24H30N4O2","Synthetic feature 115",9.204,742.6544,291214.1,449410.5,824359.4,530925.5,513192.9,348369.6,693648,528250.1,482427,555316.4,460831.8,807183.6,475091.4,381594.9,621834.8,166793.7,285541.2,206508.3,316319.7,458551,222581.4,195415.3,308741.3,315742.3,306983.5,345125.9,315257.2,135133.2,255876.8,287060.3
"PosM2_0116","PosM2_CMP_075","C12H28N4O3","Synthetic feature 116",5.646,296.9125,757521.5,1233670.4,649613.2,815479.5,1245159.7,898043.9,818312.5,786322.9,692587.8,668606.5,676652.2,767131,885751.3,769147.5,668357.6,0,582065.9,735089.3,644976.1,891717.9,578979.3,880626.2,1043376,782568.4,1117335,811115,734528.9,886047.6,947505.9,1187329.3
"PosM2_0117","PosM2_CMP_012","C7H48N1O9","Synthetic feature 117",14.708,375.0942,1366326.6,1907066.6,1570917.5,1441991.8,1023075.7,993473.4,719207.1,921552,1557721.9,1489373,1249082.6,730553.9,1501513.9,1596759.5,0,573001.4,476229.8,617282.3,495945.1,515987.3,523395.8,642702.3,469715.7,661773.6,586879.8,433759.6,445146.4,481876.7,343327,513176.5
"PosM2_0118","PosM2_CMP_046","C9H18N4O9","Synthetic feature 118",14.467,465.7669,338274.4,352669.3,372721.3,184464.5,325346.8,1666117.9,1365623.3,1041929.5,1902060.4,1540885.5,376985.6,327400.1,272444.5,326740.1,364083.8,2613073.9,1880747,3580999.1,4316267.3,5894887.1,690062.8,687120.4,0,485207.9,992261,3290902.1,2703135.2,4698536.2,3590114.2,3385641.6
"PosM2_0119","PosM2_CMP_039","C7H17N2O6","Synthetic feature 119",2.083,896.2352,164896.3,142255.2,227373.8,178608.8,122679.1,157037.1,132112.7,142123.9,179988.2,144820.3,105884.2,165838.1,134825,143507.1,138420.7,475525.7,425621.2,541069.5,313811.2,552450.2,366016.8,396743.4,546601.6,208240.7,340306.6,441501.6,382702.9,310356.8,373039.7,439069.9
"PosM2_0120","PosM2_CMP_047","C28H14N2O7","Synthetic feature 120",5.375,878.4467,884397,634297.1,960599.6,628182.1,780408.9,1014221.5,0,0,1162981,0,931372.2,740490.3,1219920,988535.9,1021613.8,1329331.7,0,0,0,1094023.2,684644,967887.4,937061.5,965837.2,1374247,0,0,1279063.5,0,1675614
"PosM2_0121","PosM2_CMP_012","C15H8N3O9","Synthetic feature 121",1.212,956.2758,4244658.1,0,4005199.5,7702067.6,9737774.4,0,7161593.1,4912103.4,0,0,5152910.4,5315423.1,5001088,4430899,5609191,0,12139302.5,0,14990038.6,13385307.9,0,10467962.1,13894763.8,9409402.7,0,15992815.8,10566199.4,11247682.6,8201202,9783501.3
"PosM2_0122","PosM2_CMP_021","C12H10N1O3","Synthetic feature 122",3.6,485.5309,1353907.6,902537,913996.5,1228835.2,1112149.4,1076068.9,1054598.2,1362469.9,1346578.8,1162919.6,1099652,1186395.9,898996.3,767098.2,1076520.8,2024223.7,1878924.8,2492531.7,2115232.2,3392332.5,2138570.7,3206942.1,2871307.9,3203528.9,2971451.7,2135195.6,2506473.4,2557378.7,3216116.6,1739309.7
"PosM2_0123","PosM2_CMP_021","C13H47N0O4","Synthetic feature 123",9.133,510.2092,1028431.8,0,0,0,1636800.9,1945965.7,2723593.9,2090734.8,2864562.9,3423091.6,1427567,1572025.8,0,0,1503822.8,0,2967421.2,2984759.2,3623937.2,0,0,1866449.1,2630936.9,1743995.7,1936178.2,0,4228322,2770773.1,2436297.9,3819551.4
"PosM2_0124","PosM2_CMP_034","C18H43N4O7","Synthetic feature 124",9.018,301.2521,230467.4,295356.9,338786.3,448744.5,283191.2,314776,278306.1,416074.9,352075.7,262093.4,362564.7,208276.1,244912.9,412467.1,389531,594458.5,758697.3,497952,331648.8,725010.2,624913.6,415503.2,619642.2,769915.5,726520.9,733470.3,482828.6,516423.4,514079.1,608202.3
"PosM2_0125","PosM2_CMP_010","C8H29N5O3","Synthetic feature 125",15.922,675.5222,2800368.2,4952143.2,4960415,5815603.4,5777010.3,4755387.2,7107849.2,6382752,3756304.3,6760531.6,4285802.3,7200209.5,5785761.1,8454961.3,5180883.2,6968946.4,7333217,12437431.2,10231658.5,8136296.7,7139577.9,7792529.1,5785994.2,5677349.6,9852165.2,10091022.6,9389121.5,7561501.4,7317823,11419259.9
"PosM2_0126","PosM2_CMP_041","C29H11N0O8","Synthetic feature 126",5.82,914.7443,15083990.1,11103777.2,0,10734216.6,12121184.2,8974741.7,9084025.1,0,0,0,10519981.6,13928810,9910097.8,12325566.6,11814295.2,0,7165140.3,7353541.7,10182606.2,0,13132690.2,22223374.2,33231278.8,17954479.6,19256859.6,0,8280493.3,10155042.5,11304215.2,0
"PosM2_0127","PosM2_CMP_047","C13H32N4O3","Synthetic feature 127",7.412,670.5044,340552.1,284565.1,211541.6,266561.8,316086,0,308833.5,0,268138.1,0,368094.3,400900.6,251607.8,290870.9,210932.2,0,76476.6,0,80794.7,69429.2,94197.5,116377.5,100060.1,88857.3,73969.6,257738.3,0,0,0,0
"PosM2_0128","PosM2_CMP_002","C15H46N4O1","Synthetic feature 128",11.232,137.1313,979848.8,632047.5,769818.6,651561.9,655969.5,708534.7,725722.9,641184.3,488578.7,680015.9,437959.2,1144800.6,441093.1,795745.3,544781.5,455928.6,667753.9,341070.5,642578.8,496848,343397.6,287679.4,413116.4,472614.5,363422.5,415496.8,505218.5,523259.8,544346.1,470036.5
"PosM2_0129","PosM2_CMP_063","C28H47N4O1","Synthetic feature 129",17.994,222.8801,99370.1,82326.7,135687.2,121456.7,168947.6,103124.1,114971.4,83531.8,0,135524,103619.1,150283.1,146616.7,135930,109011.2,89297,109594.5,161801.3,107126.7,106520.4,119959.6,105033.5,78735.2,93470.3,102131.2,55414.9,85391.2,68424.5,64249.1,116562.4
"PosM2_0130","PosM2_CMP_065","C6H10N5O1","Synthetic feature 130",2.614,775.8864,489229.4,560871.4,570425.7,663940.6,737382.4,886610.2,675780.4,591869.4,510515.9,482535.5,404321.7,811869.7,716573.6,468376.4,519037.2,315358.6,624764.4,300468.9,458383.2,360563.1,489551.6,322594,589637.8,544780.8,567689.8,391739.8,388160.1,446010.3,357345.4,430656.8
"PosM2_0131","PosM2_CMP_040","C18H49N1O1","Synthetic feature 131",6.274,721.8355,0,4061403.9,5043908.3,0,6471915.1,0,0,5530654.1,6256970.3,0,5827681.3,4661127.5,4506057.1,4323747.4,6203431.6,0,0,2037478.7,1906564.9,1981724.7,1739328.3,1064213.6,1673661.1,2068855.8,1539553.9,2786764.5,2482962.5,0,0,0
"PosM2_0132","PosM2_CMP_002","C6H13N5O9","Synthetic feature 132",3.994,799.2403,0,6448018.2,9504696.4,6723703.2,8680276.8,3784770.5,3216694.3,4683566.4,4017270.2,2818830.8,0,9483825.8,0,11330601.7,5959701.2,4666729.3,5207614.1,0,6857320.1,7050895.8,11201650.9,10084779.9,10786353.2,13419030.6,13696862.8,8597947.4,7187996.7,5189342.9,6112711.1,0
"PosM2_0133","PosM2_CMP_026","C16H44N3O2","Synthetic feature 133",2.647,449.7448,522642.3,246673,310786.5,482582.8,310198,680980.5,381578.8,488859.9,661161.7,326843.7,506001.5,482101.4,604771.7,434820.5,288799.5,1789764.5,1141437.3,1114898.2,936151,1199442.6,1108477.4,864046,1756802.3,927061.4,811952.7,785404.5,0,1699634.9,673698.8,1194447
"PosM2_0134","PosM2_CMP_074","C28H18N4O4","Synthetic feature 134",8.77,145.3618,0,893221.4,870984.6,756455.9,973852,2214865.2,4439939.5,2863109.6,2443646.3,4201021.2,838021.9,741627,1219325.2,500931.7,843007.2,1577296.8,2130168.2,1375252.9,1304678.9,1544369.3,619553.6,597976.7,580666.9,450993.7,430527.2,2090621.1,1309994.8,1647278,882990.1,839050.3
"PosM2_0135","PosM2_CMP_040","C6H49N2O8","Synthetic feature 135",11.57,843.3105,8955725.2,6549990.4,6133170.8,4733331.3,5829251.5,7777707,8317594.1,10259238,6274809,5429327.6,5360661.9,8073116.8,8281149.4,5993527.6,5672781.2,12074724.2,10838072.7,7258989.1,8811401.9,6852428.8,0,11697163.1,0,7680188,8508465,6873971.8,9246496.5,6399971.6,11572916.9,6995984.2
"PosM2_0136","PosM2_CMP_008","C17H8N1O4","Synthetic feature 136",8.218,370.1391,1303595.7,1629954.9,1144427,1083018.5,752243.6,1244822.3,1303102.2,1269716.5,1380748.6,1578722.5,2251111.3,1130141.6,1146889.1,1223522,1274224.1,2825408.2,2055807.6,1993647.8,1783593.7,2410685,2192557.7,2356269.9,1505345.6,1791716.5,2005287.1,1549156.5,2366646,2105245.6,2342994.1,2230737.3
"PosM2_0137","PosM2_CMP_037","C6H46N0O1","Synthetic feature 137",11.442,399.2689,1028187.1,660220.4,1050908.1,1234595.7,848344,0,925834.3,816001.2,1009525.6,1289302.7,1130028,1421642.1,837578.5,1241021.1,1250341.9,802242.8,1043419.5,824005.3,1603524.5,1302756.6,1479596.1,939936.6,1123400.8,952047.8,1863632.8,900210.8,1237218.4,1370474.2,1429667.5,1326945.9
"PosM2_0138","PosM2_CMP_002","C8H42N4O9","Synthetic feature 138",8.422,736.6832,0,0,4253054.5,7807894.7,3049967.3,5062666.9,3892998.6,4806424.4,0,4659669.9,3055085.7,5416317.2,6172194.2,4884470.8,7229012,8288860.1,0,3643382.7,0,4360122.4,0,6748092.1,4411911,0,0,2822440.8,0,4818499.3,0,4672169.2
"PosM2_0139","PosM2_CMP_044","C30H45N5O5","Synthetic feature 139",17.427,602.3855,153755.6,181047.9,181173.9,122811.5,265212.8,133255.3,175704.8,162679.3,114555.8,139031.1,183223.8,176161.3,179904.3,0,153341.4,67835.7,73962.6,64613.9,65661.2,87994.9,107425.7,67928.5,76927.4,76153.8,0,62538.2,68766.4,44720.4,60672.7,75185.5
"PosM2_0140","PosM2_CMP_064","C17H15N5O9","Synthetic feature 140",5.61,674.5452,7241394.2,5589768.2,4973860.3,4541624.7,3694139.5,4403632,6816810.1,4350361.8,5918925.3,5010261.9,4245526.5,4022088,11040782.2,7199945.3,10811916.4,2522406.4,2936014,0,2944410.6,2809506,2093701.1,3888683.1,3464508.8,3251459.8,3551307.9,2886118,3127076.3,0,4945210.9,3784577.7
"PosM2_0141","PosM2_CMP_043","C14H48N4O6","Synthetic feature 141",14.327,504.9728,3670312.6,2595161.5,2249161.8,3755502.6,3165468.8,0,1718657.3,0,3357647.1,0,3523287.9,4309384.9,2508186.7,3495766.4,3159214.9,0,2140549.8,0,2835420,2669408.9,0,0,0,1959236.1,0,0,0,3557573,2621449.5,2215766.7
"PosM2_0142","PosM2_CMP_010","C10H34N4O3","Synthetic feature 142",1.988,933.0335,2592767.7,2055751.7,3144173.1,0,2138460.3,0,0,4792033.1,2526089.8,0,3020851.5,2445416.6,2302233.4,2478593.7,2319835.3,0,0,0,0,0,941057.9,1400130.1,1337963.2,1304132.4,1351692.9,0,0,0,2020496.3,0
"PosM2_0143","PosM2_CMP_069","C7H8N3O2","Synthetic feature 143",7.121,792.4126,1202744.6,1618914.4,1886876.8,1574138.2,902748.9,2244206,0,1717848.9,1253818.9,1369640.8,2205448.2,1326979,2145496.7,1485884.2,2145173.9,1218418.7,1088919.2,0,0,0,0,1054409.9,1624401.3,2088078.7,1079914.3,741177.2,1405348.3,0,0,1170394
"PosM2_0144","PosM2_CMP_033","C12H36N1O2","Synthetic feature 144",2.548,263.9602,2691437.7,3028690.9,1653277.3,2315324.3,0,1539378.1,3350488.9,2992841.3,1965610.5,2519151.5,2067751,1724661.9,2509795,3334248.7,2253906.8,799209.9,1018549.1,1038016.1,868879.9,1386805.6,799268.6,652379.3,1140992.4,726386.8,938242.9,789775,0,1058511.3,956882.7,1136055.9
"PosM2_0145","PosM2_CMP_024","C20H23N2O7","Synthetic feature 145",15.631,96.2871,19624399.5,30953512.2,17537553.9,17314816.2,26462824,0,30819542.8,0,0,0,30216241.7,22880976.7,19926216.8,19790771,24408937.4,0,0,53638299.8,46253609,0,51153976.4,36786579.9,39524125.4,47347023.8,48894101.4,49707903.2,0,44343093.2,0,0
"PosM2_0146","PosM2_CMP_041","C30H32N4O5","Synthetic feature 146",4.835,868.6247,132071.4,145826.4,117158,181068.8,86552.8,0,0,0,0,0,105381.8,114870.5,104094.3,111089.1,0,0,0,179409.9,152894.1,0,169827.4,158852.2,0,123812.9,133611.4,0,0,0,0,0
"PosM2_0147","PosM2_CMP_036","C24H7N0O6","Synthetic feature 147",10.056,163.6397,3090482.7,2620475.9,3616223.8,2125073.5,3821307.6,0,528174.6,493793.5,594168.5,482093.9,1914768.4,2635172.2,4551363.2,4266303.5,3488315.6,965671,1291935.4,1234209.3,1164967.9,1021923.9,8945263.4,8902953.1,5488502.8,10938067.1,7937586.9,1013599.1,1185641.1,1475788.7,1123108.5,1672167.2
"PosM2_0148","PosM2_CMP_032","C26H33N5O5","Synthetic feature 148",17.796,167.9022,14453318,15113180.7,17702189.2,10296193.9,15850735.2,3748103.1,4825273,4104233.2,5612748.6,6385338.6,21855631.4,13969265.1,10498152.2,12049118.6,7445399.1,4375844.6,8606545.9,5487209,6766707.4,4082736.9,21314577.2,29484082.2,0,18712862.1,16940052.8,0,8560355,0,6506628,4652170.5
"PosM2_0149","PosM2_CMP_033","C24H7N2O2","Synthetic feature 149",11.048,137.0642,300468.8,413986,369025,285293.3,306297.3,0,0,0,0,0,381430.3,331422.6,300858.1,354014.8,308796.6,0,0,232495.6,0,0,293974.7,394817.5,253751.7,256587.2,423924,337397.8,0,0,335964.5,0
"PosM2_0150","PosM2_CMP_031","C24H13N4O6","Synthetic feature 150",9.409,950.7978,37583,0,46823.2,0,46251.3,0,18991.9,0,0,0,47075.3,65474.4,56390.2,59700.7,66190.6,0,0,0,26249.1,0,77306.4,81592.5,64981.7,76784.1,70958.2,0,0,0,0,17235.9
"PosM2_0151","PosM2_CMP_017","C25H11N5O7","Synthetic feature 151",0.71,833.1457,0,1536912.9,1961165,1498390.2,0,974146.9,1410626.5,0,1436543.3,0,895497.1,1168865.8,1699765.8,1373348.2,1115581.1,842541.4,1026202.9,1534217.1,1810574.8,1566347.8,991167.6,0,1863129.2,2732843.9,1021974.3,1154406.8,0,0,0,2303006.5
"PosM2_0152","PosM2_CMP_075","C29H8N5O5","Synthetic feature 152",1.927,820.7386,1618484.3,2238558.9,2772579.6,1649663.5,3001321.4,2027754.4,0,0,0,0,3815021.9,2243813.4,3129217.6,3691065.5,2782587.3,0,3210696.8,6358668.3,3145359,3975287,5470416,4330698.7,3522621.1,5924747.7,2748671.8,0,0,4408120.5,0,0
"PosM2_0153","PosM2_CMP_026","C8H43N4O3","Synthetic feature 153",8.985,733.0341,5509702.7,3322774.9,3304813.8,5175799.7,3602215.5,4226793.2,2895337,2689310.3,4294156.2,3844602.3,2761779.9,4644640.7,4706840.5,3996725.7,4286771.6,3162104.3,5258860.2,3509427.9,1678108,3289174.2,5760964,3933166.7,4675643.8,5525442.8,2945458.1,1868391.3,2866044.5,2409013.7,4219336.5,4784398.3
"PosM2_0154","PosM2_CMP_029","C20H49N0O6","Synthetic feature 154",2.718,590.1623,3499914.4,4787044.4,5243028,5869436.8,3212979.8,4722998.7,5121410.7,3288861.4,3014547.9,3525689.3,5455335.5,5090697.3,5099368.4,5028070.7,7528992.6,4845931.6,4093419.2,4322289,4079852.4,6983193,5575341.1,7102296.1,3802203.7,0,6017441.5,4722903.8,3358885.6,6139620,5553271.9,4602543.5
"PosM2_0155","PosM2_CMP_062","C17H44N2O7","Synthetic feature 155",16.007,730.3689,559074.7,583189.8,563412.3,657034.9,959226.9,692934.5,657432.2,446360.8,365186.5,477640.1,816623.7,705269.5,0,674610.7,553649.5,337691.5,344657.9,391849.3,421888.8,768873.4,461863.8,316396.4,510890.3,424411,249968.4,299121.4,416388.1,414229.1,335294.3,408633.6
"PosM2_0156","PosM2_CMP_013","C24H39N4O5","Synthetic feature 156",10.943,926.5593,1521854.7,0,1622489.1,2858164.3,1556270.6,0,2327266.6,1416504.6,1885306.4,1179224.9,0,1310241.4,3233856.8,1519070.2,1868686.7,1644603.3,0,0,0,1181993.3,1460422.2,1212930.4,1687011.4,1524620.1,1846883.9,1445655.1,0,667175.4,1794423.3,0
"PosM2_0157","PosM2_CMP_057","C26H33N1O5","Synthetic feature 157",6.389,826.1447,374510.6,595433.8,342183.9,523682,487171,539017,458321.8,498071.4,547166.9,377956.8,539201.4,335326.3,569360.1,428471.1,583189.7,254878.8,0,361139.9,191635.5,259324.2,260325.6,262655.4,289903.6,298370.2,266348.6,201230.5,171290.8,286170.9,287830.7,224289.9
"PosM2_0158","PosM2_CMP_080","C10H33N2O5","Synthetic feature 158",1.421,363.0068,13513576.9,9467860.1,16492915.8,12466902.1,14287474.4,5970186.5,9792396.6,13119023.5,13216843.9,9960746.9,6945418.8,10516332.8,9825773.1,12130204.2,7407078.4,10651386.6,10867254.5,12818306.1,9274198.9,6713012.9,8445421.7,13284075.7,18432346.9,9423721.7,6156263,8652217.3,11381649.6,7339083.3,7918766.4,12383937.2
"PosM2_0159","PosM2_CMP_010","C6H14N3O5","Synthetic feature 159",1.121,640.9204,4528874.8,7745341.3,7084283.6,0,6570257.8,11785868.1,17487964.5,14061869.3,10367518.4,0,0,0,4882631,9264098.1,8178057.1,23402828.5,13099051.6,16304281.9,18247614.4,24195923.7,7778618,10929758.9,13412778,0,9346157.9,27095233.5,18268261.5,29140983.8,16846508.6,12952966.5
"PosM2_0160","PosM2_CMP_048","C23H21N3O1","Synthetic feature 160",2.332,883.9873,25669580.1,13372615,9734418.8,9671382.5,17473102.2,3040305,3048666.1,5695814.8,3860244,3774650.4,13790737.1,19301947.1,16063084.6,11252809.3,16941514.9,1269205.3,1759580,2183728.5,0,2590732.7,5978830.8,7706065.1,7771285,6407118.4,7166149.1,1244488.8,1592696.4,0,1518884.4,1483957
"PosM2_0161","PosM2_CMP_022","C7H50N4O4","Synthetic feature 161",16.598,425.9289,391647.6,602839.8,486003.8,314458.7,253439.3,292239.3,0,426857.3,422137.8,326665.5,572185,366179.8,302325,318242.6,246328.4,406994,565740.6,480002.3,284766.2,292080.9,324122.7,430854.3,321769.8,396362.2,245647.2,496889,337519.3,475124.2,395171.1,227130.9
"PosM2_0162","PosM2_CMP_040","C27H50N1O8","Synthetic feature 162",14.971,294.0413,2493864.3,4664514,3750215.7,0,1815428.1,0,2633998.4,2319160.7,2260888.6,1450273.2,3043705.4,2823562.5,2774086.5,2637750.3,2183470,1398064.7,0,956096.3,1367827,1408256.8,1671420.1,2929876.7,2005144.9,1053116.4,0,0,0,1886315.1,0,1648647
"PosM2_0163","PosM2_CMP_006","C20H45N4O5","Synthetic feature 163",10.563,916.2422,10307194.5,9759364.7,7400863.1,8105767,5888818.9,5928661.7,10696788.3,8145449.2,10626474.1,0,5221298.6,5212868.2,7795786.6,7825070.1,8205463.5,3151077.4,1706414.7,1579692.8,2532575.5,1472812.2,2743782.5,1965051,1753038.1,2486886.6,2582850.3,1994314,1680080.8,2122401.1,1609005.3,2023319.8
"PosM2_0164","PosM2_CMP_041","C26H38N1O6","Synthetic feature 164",17.953,637.452,818455.7,893935.9,997074.1,882892,1285788.5,727676.2,648123.1,895077.1,1302888.3,1155005.5,823212,779120.4,999708.4,1134410.4,712177.4,247233.2,322602.4,175339.8,273680.9,306379.2,167877.3,221874.9,302764.5,277207.8,202234.9,370579,210441.9,203654.7,287012.5,256705.1
"PosM2_0165","PosM2_CMP_030","C16H38N2O8","Synthetic feature 165",4.012,127.7089,1223066.1,974693.3,908900.2,1108632.6,1134190.8,967796.4,1193375.4,1301038.5,952805.6,929044.7,1447316.9,685468.2,1000559,0,1483432.3,288233.4,216571.3,234707.6,246902.3,222389.7,294217.4,288360.5,219899.7,239646.3,313414,178943.6,391375.6,295238.4,215262.1,246554.7
"PosM2_0166","PosM2_CMP_069","C17H38N4O4","Synthetic feature 166",14.939,875.1505,959825.8,1866265.4,1990566.5,1710938.7,1847923.2,1943128,2203197.4,2177402.5,1687035.9,1781037.5,2242997,1333794.5,1145518.8,981974.3,1454636.7,1355013.1,1093660.6,1707348.3,1227654.9,1502092.7,1345472.1,1234522.3,1628072,1110413.1,1574450.2,1906404.4,1439313.1,739305.9,1654931.9,1302765.4
"PosM2_0167","PosM2_CMP_007","C23H21N1O8","Synthetic feature 167",3.498,434.3341,2645449.2,3108574.8,2519005.3,2775459.9,5236889.4,935569.9,717207.4,0,0,716959,0,3189069.9,2499987.3,3290553.7,4977861,1217257.3,0,0,0,1388542,3089328.6,4122927,0,3067591.6,5197295.7,0,843374.1,0,0,0
"PosM2_0168","PosM2_CMP_052","C7H10N2O4","Synthetic feature 168",1.634,116.3603,8835382.5,6328067,7075047.2,8136683.3,11711915.6,9356628.3,10448832.4,8072928.1,11092186.4,10756409.3,9134147.4,7923406.5,7756459.2,8703004.1,7373953.9,4693771.3,2418902.8,1950491.9,3831964.4,2478904.4,4443404.8,3063440.9,3633423.3,2999062.2,3496231.6,3667728.1,3217813.2,5554517.2,2598804.2,2259008.4
"PosM2_0169","PosM2_CMP_020","C25H28N1O2","Synthetic feature 169",9.82,747.1917,308522.8,98492.9,198301.2,237395.1,165579.4,168515,222932.8,244462.6,148304,143896.5,120704.3,183678.8,220710,96151.5,141233.8,405533.7,401438,399103,286142.8,224101.7,359266.4,178882.9,213386.7,239816.5,163734.3,313398.2,315975.2,367408.7,264151.5,461757.4
"PosM2_0170","PosM2_CMP_026","C19H29N0O6","Synthetic feature 170",13.479,849.9687,315739.6,354442.7,203189.8,302539.8,154411.3,0,197550.7,0,251329.5,205581.5,177426.2,252580.9,239642.6,254342,266067.1,497932.5,421185.2,561132.1,537521.6,398819,631989.1,496831.8,399149.1,571639.6,452945.5,345720.3,470192.1,501134.6,529038.5,459371.4
"PosM2_0171","PosM2_CMP_009","C19H47N0O4","Synthetic feature 171",15.689,509.8844,904704.9,1446481,935464.5,1317572.1,1471890.3,1058810.6,992964.8,1023560.8,1169563.1,1561506.5,1099489.3,703640.9,682795.9,1675231.4,1113505.9,640628.3,826440.5,595216.9,656643.3,904077.5,977855.8,1272080,987561.1,714938.4,929614.9,785618.4,537506.5,816093.8,739247.7,959021
"PosM2_0172","PosM2_CMP_050","C27H34N0O4","Synthetic feature 172",14.241,580.9954,1950966.5,1923182.6,2972625.8,1262018.1,1685142.1,1626728.1,2385973.9,0,1953275.5,1404441,1583402.1,2095811.7,2313824,2016033.4,2450141.8,3700391.6,5583741.5,5894543.6,2828294,2840115.4,3367054.7,3383419.1,2366387.8,3156837.9,2544169.5,2797310.3,3621026.9,2626074.7,2804956.4,2306612.2
"PosM2_0173","PosM2_CMP_061","C14H29N0O3","Synthetic feature 173",9.852,725.1769,2251624.4,3294616,2289580.7,2681866.9,3807215.2,2665497.2,3704678.5,1865979,2951143.7,1946759.3,2787557.4,3419386.8,2786185.9,2686981.2,2676818,1353988.5,996934.5,1796796.9,0,1597710.1,1546501.6,1270663.8,1377462.8,1022024.7,1057125.7,1934412.6,1088457.9,0,1275896.2,1839968.7
"PosM2_0174","PosM2_CMP_019","C27H26N1O5","Synthetic feature 174",13.856,549.3883,73833.8,54484.2,43413.2,0,77523.3,51307.6,46408.1,39143.8,43534.8,42230.5,94793.3,0,95752.5,0,49471.6,75757.4,0,89674.6,90161.3,89645,99934.1,91022.8,0,254863.4,0,70905.2,55891.9,89329,0,65355.8
"PosM2_0175","PosM2_CMP_043","C22H37N2O3","Synthetic feature 175",15.197,405.3201,646396.5,0,861065.1,1043638.5,1104695,1066356.7,1024925.4,1177741.4,841742.1,1251856.4,758380.4,856620.4,733505.6,0,625315,503385.7,767747.7,642364.6,831081.7,1063815,684208,885084.1,681758,998329.1,0,942029.7,769362.5,996118.3,517587.8,1101933.4
"PosM2_0176","PosM2_CMP_046","C30H23N3O8","Synthetic feature 176",10.109,462.6156,2206455,1994952.8,4316804,1910325.3,2291978.9,0,3167390.2,2511240.5,2925167.2,3056280.6,3691927.4,2256860.7,2039346,3617457.7,1925492.2,1011687.6,1018748.1,1185502.8,947966.2,982685.7,1323422.4,1266496.5,864201,1115405.7,1040487.8,1072978.5,984385.7,747637.2,856199.6,1030434.3
"PosM2_0177","PosM2_CMP_032","C6H20N1O2","Synthetic feature 177",3.34,265.2451,1477452,1488788.2,1405292.9,1802045.6,1534423,1664523.4,3052976.1,1151724.2,1369690.6,2600424.9,1165668.5,1580815.4,1829864.6,1704484.3,1682392.1,1803762.3,2342067.2,1846397.6,2402796.6,2409167.7,1733281,1951216.5,1696943.5,1883764,2010598.8,2170784.8,2272956.5,1506229.3,1536499.9,0
"PosM2_0178","PosM2_CMP_044","C18H43N5O3","Synthetic feature 178",11.279,673.0461,3315512.8,2571534,2787257.6,2437108.5,2855039.3,0,3486328,0,6233392.7,0,3212366.1,3674105.3,4196307.6,3723158.2,4046959.4,3210740.9,0,4535405.6,3972322.2,5544109.9,4871475.5,4088602.1,7990674.9,7908510.6,6381461.3,0,0,0,0,0
"PosM2_0179","PosM2_CMP_076","C25H10N4O7","Synthetic feature 179",12.698,743.5399,1259756.8,1261489.6,1323881.1,953074.1,1578041.7,365378.6,0,0,0,0,977971.1,917304.1,644390,818010,1151151.1,520110,0,0,416172.1,0,1076051.4,1678933.3,1552065.1,790099.1,1152946.6,0,1031802.7,0,0,0
"PosM2_0180","PosM2_CMP_064","C15H44N2O9","Synthetic feature 180",13.703,131.1588,5699442.3,4195935.2,4465080.8,3150833.3,7500979.2,2015848,2242774.6,3680829.1,2569592.2,0,4514608.8,5679670.4,3859184.7,8190566.9,5976684.8,3380206.3,2721274.6,4123324.8,3179965.5,3410845.6,0,6368792.1,6311053.1,8634037.2,9288827.1,0,3546939.6,0,2764267.3,3067098.3
"PosM2_0181","PosM2_CMP_050","C14H40N0O9","Synthetic feature 181",9.904,444.0152,3550664.7,3937828.7,4374924.2,6749521.9,4941658.6,4619204.5,3211033,3550207.2,3633508.1,3342688.2,5384855.3,6584662.3,5615114.3,4178756,5932922.5,0,2061354.8,0,0,0,3167794.2,2063911.8,2555700.7,2795272.4,4327656.8,1937067.9,0,0,0,0
"PosM2_0182","PosM2_CMP_062","C9H23N5O9","Synthetic feature 182",0.899,536.2179,2818412.5,2356828.2,2404356.1,3071263.7,2264761.9,1309037.1,1116098.2,1347125.8,1241635.6,1386495.1,0,1956655.2,2850879.5,3768869.1,2639123.6,821388.7,948114.5,0,1679558.7,821716.5,3440497.1,2724236.6,0,2528980.5,2619883.6,983748.6,819447.8,724038.6,1148102.7,731257.7
"PosM2_0183","PosM2_CMP_072","C20H37N0O8","Synthetic feature 183",5.796,228.3379,143542.9,165163,245672,316260.7,302776.6,137856.7,161023.3,214052.9,294728.1,194549,299113.7,182246,175937.2,324660,209814.3,122387.9,165072.3,115537.6,74415.1,0,117900.9,85096,96826.8,72547.7,77753,154355,108068.6,96913.8,81211.2,124517.6
"PosM2_0184","PosM2_CMP_017","C11H19N4O2","Synthetic feature 184",4.006,595.5495,87689.5,215571.8,246738.3,196563.3,287806.7,301899.1,245993.2,416417.7,276369.3,310039.8,161005.5,151041,292180.3,187240.6,169887.3,616765.8,585565.3,734650.8,634669.9,0,341262.9,366789.7,251035.2,283345.8,526695,422604.6,554086,661424.3,926050.1,638028.9
"PosM2_0185","PosM2_CMP_061","C29H43N0O7","Synthetic feature 185",1.935,798.7917,2635112.4,2372321.3,1729759.8,3205549.5,2345248.5,1974166.9,2987415.4,0,2268845.4,0,3040234.3,1697717.7,3080123.2,2222954.7,4625423.2,0,0,0,0,0,2754520.7,4964399.4,4043165.3,3905639.9,4689722.7,0,5106809.8,0,3406956.6,5036352.5
"PosM2_0186","PosM2_CMP_060","C30H40N3O8","Synthetic feature 186",13.688,677.166,436358.2,502854.2,479431.3,739887.6,485452.5,654894.3,518571.3,575530.4,522288.9,669670.7,555572.2,623126.2,449887.9,457191,632867.6,280677.5,232215.3,312370.4,329602.8,365420.6,311929.1,326887.2,309966.9,297173.3,391519.7,248950.8,311033.3,0,389443.5,279140.1
"PosM2_0187","PosM2_CMP_079","C25H45N2O3","Synthetic feature 187",1.807,990.6998,570137.3,397092,549047.2,335102.5,436362.5,312180.2,0,0,588235.5,549759,0,629790.8,416569.8,557606.2,544683.8,214149.9,0,251206.8,320185.2,195865.2,158439.1,202928.7,223474.5,273410.4,188378.9,0,185890.7,267874.5,192683.3,0
"PosM2_0188","PosM2_CMP_030","C30H50N3O7","Synthetic feature 188",7.44,432.7507,527747.7,1269943.4,591536,641030.5,767226.8,0,918850.2,473007.1,758735.1,723403,0,0,702559.3,729961.9,879376.4,927170.9,574989.4,486929.6,587658.3,617086.3,626404.7,573969.7,632749,769888.6,543714.1,560761.3,674801.1,489952.2,833936.8,603803
"PosM2_0189","PosM2_CMP_069","C16H11N0O7","Synthetic feature 189",13.671,132.5994,490389.2,252366.6,247046.6,361450,355134.7,74373,164602.1,151904.6,119525.9,104417.4,220779,292054.9,365538.8,657641.7,331891.8,109561,133776.7,77854,92543.9,95207,212494.9,216907.9,320177.1,314122.3,211505.4,79180.9,113077.4,0,103013.3,100541.2
"PosM2_0190","PosM2_CMP_025","C16H21N5O4","Synthetic feature 190",8.992,536.0144,0,33372656.2,39370296.1,31189422.8,23550041,10025966.4,22328179.8,29912314.4,19249999.9,23295464.8,32306286.2,27478736.6,27543767.2,32655331.5,24320189.1,13715041.2,20090384.8,11053574.1,23308904.7,19899978.9,35924507.3,28651958.1,32323124.1,40674400.2,36982486.4,17894399.7,14310147.5,14432558.5,19328333.1,12105928
"PosM2_0191","PosM2_CMP_055","C26H49N1O4","Synthetic feature 191",11.515,685.4687,378131.3,336247,190710.8,0,194383.6,198779.6,310005.7,172173,176701.7,279301,273046.8,0,160998.3,295610.1,201788.9,150822.4,116072.9,131031.3,83708.8,95146.6,161709.4,207790,100281.3,122178.2,121003.9,183792.8,136314.8,153143.5,168865.1,136346.8
"PosM2_0192","PosM2_CMP_046","C28H25N2O7","Synthetic feature 192",12.178,690.6898,1390350.3,861920.1,1056947.7,1366255.1,1242828.2,0,1397229.2,0,1098760.9,0,1017805.7,1824421.4,1227454.8,1563142.7,954100.7,1419872.2,0,0,0,1505717.5,1680917.8,1840610.9,1770062.2,1550154.7,1364482.5,0,0,0,0,0
"PosM2_0193","PosM2_CMP_034","C21H10N4O1","Synthetic feature 193",7.32,868.6865,778988.1,1337207.5,861468,990436.5,1183219.7,0,0,0,707059.4,0,1197581.1,1292401.7,983527,692063.9,1453790,1697387.7,0,0,1731187.8,0,3477564.7,3310672.2,3727949.5,3681158.5,3694852.2,0,0,0,0,0
"PosM2_0194","PosM2_CMP_006","C27H13N5O5","Synthetic feature 194",12.656,384.7032,3404529.8,3323347.3,1827298.8,3056046.3,2564218.2,738884.1,367567.9,731992.4,542684.8,335807.1,3127938.7,2791320.8,2064610.5,2390681.1,3378461,386397.3,259080.6,366785.8,528057.1,257479.4,1468666.7,1153132.9,1565598.3,1055895.5,1501949.3,410508,346595.4,280622,244249.1,340589.1
"PosM2_0195","PosM2_CMP_036","C28H43N0O6","Synthetic feature 195",9.945,482.9304,217391,463076.6,292849.5,209533.3,424154.4,227872.4,274209.7,327895.7,268706.6,377668.6,296592.7,368104.9,283747.3,367560.3,203216.5,319519.2,168898.7,199180.7,465615.3,251328.2,230440.4,265303.2,0,265045.2,322357.7,290995.4,362605.1,239468.3,355991.6,213014.2
"PosM2_0196","PosM2_CMP_018","C14H9N4O6","Synthetic feature 196",4.199,745.0592,373413.5,828497.2,640355.1,559878.8,476257,700865.7,705387.2,717633.9,575325.9,604390.5,503153.8,457147.2,484066.1,864502.1,497868.1,0,1086913.9,1049509.8,770927.4,1302972.3,980449.7,1436475.3,1389199.7,1308894.6,1248932.2,941984.2,826590.4,851078.9,911300.6,1032921.5
"PosM2_0197","PosM2_CMP_031","C30H34N2O1","Synthetic feature 197",2.592,127.6721,2790558.4,2933234.5,4219426.5,3099427.4,2524631.3,4474708.2,2846572.6,2914164.1,3175425.5,2868916.7,4133633.2,2169886.7,5253682,2996741.5,1790975.1,2014789.2,2609074,1657945.6,2582398.6,1986148.4,1786995.2,1773588.6,2183635.8,2585391.6,4560654.2,2269247,1916496.9,2352445.2,2883291,2754385.6
"PosM2_0198","PosM2_CMP_058","C26H27N2O8","Synthetic feature 198",7.294,587.3887,546226.8,943647.6,0,804940.8,588067.5,0,1471673.3,0,1137079.8,1122466.8,847536.6,1136346.5,898242.3,1441190.7,991870.4,1716116.2,2258373,1798712.1,1538688.1,1551086.9,1531707.2,2075110.9,2050076.2,1734733.3,1817559.2,2190832.9,1287171,2084399.4,1676623.7,1779299
"PosM2_0199","PosM2_CMP_075","C21H23N4O4","Synthetic feature 199",13.807,899.4025,619464.7,754601.8,838548.4,630397.7,565163.8,1349568.1,0,0,1883397.4,1609934.4,492574.5,1113532.2,690217.2,606671.6,795451.6,0,2766748.4,1359263.9,0,0,774217.7,1451332.6,0,1460911.9,505767,0,1720529.9,1689842.6,0,0
"PosM2_0200","PosM2_CMP_061","C9H28N2O1","Synthetic feature 200",2.252,759.3978,136518.4,125304.9,145531,157394.7,256726,134106.6,137996.2,171218.5,145766,132497.2,123949.5,130451.2,126698.8,169954.7,124121.9,215305.9,162314.9,160397.8,173109.6,108809.9,177315.3,124145.6,135375.9,127387.3,93052.1,136939.9,114142.5,135623,123722.1,131604
